Metric,Value
RMSE,3.454998093113606
MAE,3.103009306671984
Users,895.0
Recommendations,8629.0
